Organization,Physical Address
Artspan,"934 Brannan St, San Francisco, CA 94103"
Asian Art Museum,"200 Larkin St, San Francisco, CA 94102"
Goethe-Institut San Francisco,"657 Howard St, San Francisco, CA 94105"
Hospitality House,"181 6th St, San Francisco, CA 94103"
Museum of the African Diaspora,"685 Mission St, San Francisco, CA 94105"
Root Division,"1131 Mission St, San Francisco, CA 94103"
Saint Joseph's Arts Society,"1401 Howard St, San Francisco, CA 94103"
San Francisco Arts Commission Galleries,"401 Van Ness Ave Suite 126
San Francisco, CA 94102"
San Francisco Museum of Modern Art,"151 3rd St, San Francisco, CA 94103"
San Francisco Public Library Exhibitions,"100 Larkin St, San Francisco, CA 94102"
SFAI Legacy Foundation + Archive,"20 Hawthorne St.
San Francisco, CA 94102"
Thacher Gallery at the University of San Francisco,"2130 Fulton St, San Francisco, CA 94117"
The Contemporary Jewish Museum,"736 Mission St, San Francisco, CA 94103"
The Tenderloin Museum,"398 Eddy St, San Francisco, CA 94102"
Yerba Buena Center for the Arts,"701 Mission St, San Francisco, CA 94103"
Bob Mizer Museum and Photographic Archives,"920 Larkin Street,
San Francisco, CA 94109"
Chinese Culture Center,"750 Kearny St 3rd Floor, San Francisco, CA 94108"
Exploratorium,"Pier 15 Embarcadero at, Green St, San Francisco, CA 94111"
Institute of Contemporary Art San Francisco,Nomad
Art + Water,TBC
Arion Press,"Landmark Building B, 2 Marina Blvd Suite 100, San Francisco, CA 94123"
Fine Arts Museums of San Francisco,"50 Hagiwara Tea Garden Dr, San Francisco, CA 94118"
FOR-SITE,"557 Ashbury St, San Francisco, CA 94117"
Fort Mason Center for Arts & Culture,"2 Marina Blvd, San Francisco, CA 94123"
Grace Cathedral,"1100 California St, San Francisco, CA 94108"
Haight Street Art Center,"215 Haight St, San Francisco, CA 94102"
SF Camerawork,"2 Marina Blvd Building A, San Francisco, CA 94123"
CCA Wattis Institute for Contemporary Arts,"145 Hooper St, San Francisco, CA 94107"
Minnesota Street Project Foundation,"1275 Minnesota St, San Francisco, CA 94107"
Museum of Craft and Design,"2569 3rd St, San Francisco, CA 94107"
Recology Artist in Residence Program (AIR),"401 Tunnel Ave, San Francisco, CA 94134"
San Francisco Center for the Book,"375 Rhode Island St, San Francisco, CA 94103"
Slash,"1150 25th St Building B, San Francisco, CA 94107"
Small Press Traffic,TBC
Tamalpa Institute Center for the Halprin Work,"1275 Minnesota St, San Francisco, CA 94107"
The San Francisco Arts Education Project ,"1275 Minnesota Street
San Francisco, CA 94107"
500 Capp Street,"500 Capp St, San Francisco, CA 94110"
Clarion Alley Mural Project,TBC
Colpa Press,TBC
Creativity Explored,"3245 16th St, San Francisco, CA 94103"
Cushion Works,"3320 18th St, San Francisco, CA 94110"
GLBT Historical Society,"4127 18th St, San Francisco, CA 94114"
Gray Area Foundation for the Arts,"2665 Mission St, San Francisco, CA 94110"
Precita Eyes,"2981 24th St, San Francisco, CA 94110"
Southern Exposure,"3030 20th St, San Francisco, CA 94110"
The Lab,"2948 16th St, San Francisco, CA 94103"
"Fine Arts Gallery, San Francisco State University","San Francisco State University, Coppola Theatre, Fine Arts Building, Room 238, 1600 Holloway Ave, San Francisco, CA 94132"
Black Panther Party Museum,"1427 Broadway, Oakland, CA 94612"
Creative Growth,"355 24th St, Oakland, CA 94612"
Mills College Art Museum at Northeastern University,"5000 MacArthur Blvd, Oakland, CA 94613"
Oakland Museum of California,"1000 Oak St, Oakland, CA 94607"
Berkeley Art Center,"1275 Walnut St, Berkeley, CA 94709"
Berkeley Art Museum & Pacific Film Archive,"2155 Center St, Berkeley, CA 94720"
Eames Institute,"1330 S 51st St, Richmond, CA 94804"
Kala Art Institute,"2990 San Pablo Ave, Berkeley, CA 94702"
NIAD Art Center,"551 23rd St, Richmond, CA 94804"
de Saisset Museum at Santa Clara University,"500 El Camino Real, Santa Clara, CA 95050"
Indexical,"1050 River St #119, Santa Cruz, CA 95060"
Institute of Contemporary Art San José,"560 S 1st St, San Jose, CA 95113"
San José Museum of Art,"110 S Market St, San Jose, CA 95113"
San José Museum of Quilts & Textiles,"520 S 1st St, San Jose, CA 95113"
Santa Cruz Barrios Unidos,"1817 Soquel Ave, Santa Cruz, CA 95062"
Santa Cruz Museum of Art & History,"705 Front St, Santa Cruz, CA 95060"
Visualizing Abolition at UCSC Institute of the Arts & Sciences,"Institute of the Arts and Sciences
100 Panetta Ave
Santa Cruz, CA 95060"
Montalvo Arts Center,"15400 Montalvo Rd, Saratoga, CA 95070"
Bolinas Museum,"48 Wharf Rd, Bolinas, CA 94924"
di Rosa Center for Contemporary Art,"5200 Sonoma Hwy, Napa, CA 94559"
Headlands Center for the Arts,"944 Simmonds Rd, Sausalito, CA 94965"
JB Blunk Estate,"11101 CA-1 #105, Point Reyes Station, CA 94956"
Marin Museum of Contemporary Art,"1210 Fifth Ave, San Rafael, CA 94901"
Sonoma Valley Museum of Art,"551 Broadway, Sonoma, CA 95476"
Petaluma Arts Center,"230 Lakeville St, Petaluma, CA 94952"
Works in Progress,"3501 Civic Center Dr, San Rafael, CA 94903"
Marin County Civic Center,"3501 Civic Center Dr, San Rafael, CA 94903"
Blue Line Arts,"405 Vernon St #100, Roseville, CA 95678"
Crocker Art Museum,"216 O St, Sacramento, CA 95814"
Manetti Shrem Museum,"254 Old Davis Rd, Davis, CA 95616"
Sacramento State University Galleries,"6000 Jed Smith Dr, Sacramento, CA 95819"
The Pence Gallery,"212 D St, Davis, CA 95616"
Verge Center for the Arts,"625 S St, Sacramento, CA 95811"
Cantor Arts Center at Stanford University,"328 Lomita Dr, Stanford, CA 94305"
Djerassi Resident Artists Program,"2325 Bear Gulch Rd, Woodside, CA 94062"
Palo Alto Art Center,"1313 Newell Rd, Palo Alto, CA 94303"
The Anderson Collection at Stanford University ,"Anderson Collection, 314 Lomita Dr, Stanford, CA 94305"
The Foster Museum,"940 Commercial St, Palo Alto, CA 94303"
EPACENTER,"1950 Bay Rd, East Palo Alto, CA 94303"
SFO Museum,"San Francisco International Airport, San Francisco, CA 94128"